{"schemaVersion":"1.0","appDefinitionTemplate":{"id":"/providers/Microsoft.PowerApps/apps/","type":"Microsoft.PowerApps/apps","tags":{"primaryDeviceWidth":"640","primaryDeviceHeight":"1136","supportsPortrait":"true","supportsLandscape":"false","primaryFormFactor":"Phone","showStatusBar":"false","publisherVersion":"3.24111.11","minimumRequiredApiVersion":"2.2.0","hasComponent":"false","hasUnlockedComponent":"false","isUnifiedRootApp":"false","sienaVersion":"20241119T073642Z-3.24111.11.0","coauthoringEnabled":"true","multipleWritersEnabled":"true","acceptedCoauthoringTerms":"true"},"properties":{"appVersion":"2024-11-19T07:36:42Z","lifeCycleId":"Published","createdByClientVersion":{"major":3,"minor":24111,"build":11,"revision":0,"majorRevision":0,"minorRevision":0},"minClientVersion":{"major":3,"minor":24111,"build":11,"revision":0,"majorRevision":0,"minorRevision":0},"backgroundColor":"rgba(255, 255, 255, 1)","backgroundImageUri":"/3919661082230566789/N04606943-fcfc-4dae-bff1-a8cf2f94c01f-logoSmallFile","displayName":"Aplicación-Auditoría-V-1","description":"Auditoria App Versión 8.0 con el duplicado de auditorias","commitMessage":"","appUris":{"documentUri":{"value":"/3919661082230566789/Nf2572a33-2e96-4c49-8c86-5edba1f7c819-document.msapp"},"imageUris":[],"additionalUris":[{"isSolutionAware":false,"value":"/3919661082230566789/N26d41db9-52e4-465d-aea1-2a225fa11265-identity.json"}]},"createdTime":"0001-01-01T00:00:00Z","lastModifiedTime":"0001-01-01T00:00:00Z","sharedGroupsCount":0,"sharedUsersCount":0,"connectionReferences":{"b38ccd01-b89f-458b-a418-09027d8a2c52":{"id":"14414f25-4aaf-412f-a745-e0227f9c78d9","displayName":"Usuarios de Office 365","iconUri":"https://connectoricons-prod.azureedge.net/releases/v1.0.1717/1.0.1717.3929/office365users/icon.png","dataSources":["UsuariosdeOffice365"],"dependencies":[],"dependents":[],"parameterHints":{},"parameterHintsV2":{},"isOnPremiseConnection":false,"bypassConsent":false,"dataSets":{},"apiTier":"Standard","isCustomApiConnection":false,"actions":["MyProfile_V2"]},"0d14a423-c9c8-4e08-a03b-bfe844c15162":{"id":"bae3e0bb-7f4c-4e71-bfa4-fbdd9bb0d401","displayName":"Administración de Power Automate","iconUri":"https://connectoricons-prod.azureedge.net/releases/v1.0.1701/1.0.1701.3808/flowmanagement/icon.png","dataSources":["AdministracióndePowerAutomate"],"dependencies":[],"dependents":[],"parameterHints":{},"parameterHintsV2":{},"isOnPremiseConnection":false,"bypassConsent":false,"dataSets":{},"apiTier":"Standard","isCustomApiConnection":false,"authenticationType":"firstParty"},"fed908f0-1eeb-4548-a37f-a04012c3ddfa":{"id":"923b0851-a2c4-4f2d-b45e-252f6255f85e","displayName":"Flujos lógicos","iconUri":"https://connectoricons-prod.azureedge.net/releases/v1.0.1719/1.0.1719.3955/logicflows/icon.png","dataSources":["PowerAppV2->Cuandoseagrega,modificaoeliminaunafila"],"dependencies":["ae92dd12-0982-41e9-ab8d-c057cac1d484"],"dependents":[],"parameterHints":{"workflowName":{"value":"f5b5d110-6678-4594-9032-f2f14997da5a"},"workflowEntityId":{"value":"4c22ff83-ae84-ef11-ac20-000d3a67cf36"},"workflowDisplayName":{"value":"PowerAppV2 -> Cuando se agrega, modifica o elimina una fila"},"ae92dd12-0982-41e9-ab8d-c057cac1d484":{"value":"shared_commondataserviceforapps"}},"parameterHintsV2":{"workflowName":{"value":"f5b5d110-6678-4594-9032-f2f14997da5a"},"workflowEntityId":{"value":"4c22ff83-ae84-ef11-ac20-000d3a67cf36"},"workflowDisplayName":{"value":"PowerAppV2 -> Cuando se agrega, modifica o elimina una fila"},"shared_commondataserviceforapps":{"value":"ae92dd12-0982-41e9-ab8d-c057cac1d484"}},"isOnPremiseConnection":false,"bypassConsent":false,"dataSets":{},"apiTier":"Standard","isCustomApiConnection":false,"nestedActions":[{"id":"/providers/Microsoft.PowerApps/apis/shared_commondataserviceforapps/apiOperations/CreateRecord","apiName":"Microsoft Dataverse","actionName":"CreateRecord","referencedResources":[]}]},"ae92dd12-0982-41e9-ab8d-c057cac1d484":{"id":"5353183c-f9f6-4672-b4e2-2d6e7178f4e0","displayName":"Microsoft Dataverse","iconUri":"https://connectoricons-prod.azureedge.net/releases/v1.0.1722/1.0.1722.3976/commondataserviceforapps/icon.png","dataSources":[],"dependencies":[],"dependents":["fed908f0-1eeb-4548-a37f-a04012c3ddfa"],"parameterHints":{},"parameterHintsV2":{},"isOnPremiseConnection":false,"bypassConsent":false,"dataSets":{},"apiTier":"Premium","isCustomApiConnection":false},"1c7588cc-6702-4242-a388-5089b2dc8ebf":{"id":"e45f5ec9-8ad0-45e4-b2b2-8af7d665eaa4","displayName":"Office 365 Outlook","iconUri":"https://connectoricons-prod.azureedge.net/releases/v1.0.1716/1.0.1716.3922/office365/icon.png","dataSources":["Office365Outlook"],"dependencies":[],"dependents":[],"parameterHints":{},"parameterHintsV2":{},"isOnPremiseConnection":false,"bypassConsent":false,"dataSets":{},"apiTier":"Standard","isCustomApiConnection":false},"d40022aa-74b6-4b01-bc82-800e7abfe073":{"id":"b5600303-ff58-4491-adf3-6116ef0ac0ee","displayName":"Azure AD Identity and Access","iconUri":"https://connectoricons-prod.azureedge.net/u/shgogna/testscaleunitbuildout/1.0.1673.3548/aadinvitationmanager/icon.png","dataSources":["AzureADIdentityandAccess"],"dependencies":[],"dependents":[],"parameterHints":{},"parameterHintsV2":{},"isOnPremiseConnection":false,"bypassConsent":false,"dataSets":{},"apiTier":"Premium","isCustomApiConnection":false}},"databaseReferences":{"default.cds":{"databaseDetails":{"referenceType":"Environmental","environmentName":"default.cds","overrideValues":{"status":"NotSpecified","environmentVariableName":""}},"dataSources":{"Usuarios":{"entitySetName":"systemusers","logicalName":"systemuser","isHidden":false},"Unidades de negocio":{"entitySetName":"businessunits","logicalName":"businessunit","isHidden":false},"Preguntas_Finales":{"entitySetName":"crafd_preguntasfinaleses","logicalName":"crafd_preguntasfinales","isHidden":false},"Auditoría_Final":{"entitySetName":"crafd_auditoriafinals","logicalName":"crafd_auditoriafinal","isHidden":false},"Actividades":{"entitySetName":"activitypointers","logicalName":"activitypointer","isHidden":false}},"actions":["providers/PowerPlatform.Governance/Operations/Read","providers/PowerPlatform.Governance/Operations/Write","providers/PowerPlatform.Governance/Operations/Delete"]}},"almMode":"Solution","performanceOptimizationEnabled":false,"canConsumeAppPass":false,"enableModernRuntimeMode":false,"executionRestrictions":{"isTeamsOnly":false,"dataLossPreventionEvaluationResult":{"status":"Compliant","lastEvaluationDate":"2024-11-19T07:36:53.0863042Z","violations":[],"violationsByPolicy":[],"violationErrorMessage":"La aplicación usa los siguientes conectores: shared_office365users, shared_flowmanagement, shared_logicflows, shared_commondataserviceforapps, shared_office365, shared_aadinvitationmanager, shared_commondataservice."},"httpActionRestriction":{"appUsesSharepointHttpAction":false,"enforcementStrategy":"Legacy","evaluationTime":"2024-11-19T07:36:53.0858878Z"}}},"appType":"ClassicCanvasApp","appComponents":[]}}