{"name":"84bba226-f723-a11f-46d3-787cdcdf35e5","id":"/providers/Microsoft.Flow/flows/84bba226-f723-a11f-46d3-787cdcdf35e5","type":"Microsoft.Flow/flows","properties":{"apiId":"/providers/Microsoft.PowerApps/apis/shared_logicflows","displayName":"PowerAppV2 -> Cuando se agrega, modifica o elimina una fila","definition":{"metadata":{"workflowEntityId":"4c22ff83-ae84-ef11-ac20-000d3a67cf36","processAdvisorMetadata":null,"flowChargedByPaygo":null,"flowclientsuspensionreason":"None","flowclientsuspensiontime":null,"flowclientsuspensionreasondetails":null,"creator":{"id":"452fd018-06ed-4aa0-b9b7-8ead0bafd57d","type":"User","tenantId":"8752819d-7f02-40de-8e01-4f3acdad1844"},"provisioningMethod":"FromDefinition","failureAlertSubscription":true,"clientLastModifiedTime":"2024-10-08T07:21:36.9444952Z","connectionKeySavedTimeKey":"2024-10-08T07:21:36.9444952Z"},"$schema":"https://schema.management.azure.com/providers/Microsoft.Logic/schemas/2016-06-01/workflowdefinition.json#","contentVersion":"1.0.0.0","parameters":{"$connections":{"defaultValue":{},"type":"Object"},"$authentication":{"defaultValue":{},"type":"SecureObject"}},"triggers":{"manual":{"metadata":{"operationMetadataId":"c26b8ddf-d9c4-4824-8876-069efadd75d5"},"type":"Request","kind":"PowerAppV2","inputs":{"schema":{"type":"object","properties":{},"required":[]}}}},"actions":{"Cuando_se_agrega,_modifica_o_elimina_una_fila":{"runAfter":{},"metadata":{"operationMetadataId":"3c097134-2851-4152-8c9c-613556df96c4"},"type":"OpenApiConnectionWebhook","inputs":{"host":{"apiId":"/providers/Microsoft.PowerApps/apis/shared_commondataserviceforapps","connectionName":"shared_commondataserviceforapps","operationId":"SubscribeWebhookTrigger"},"parameters":{"subscriptionRequest/message":1,"subscriptionRequest/entityname":"crafd_auditoriafinal","subscriptionRequest/scope":2,"subscriptionRequest/name":"4c22ff83-ae84-ef11-ac20-000d3a67cf36"},"authentication":"@parameters('$authentication')"}},"Agregar_una_fila_nueva":{"runAfter":{"Cuando_se_agrega,_modifica_o_elimina_una_fila":["Succeeded"]},"metadata":{"operationMetadataId":"38c5533d-c2d0-4cb5-bf41-933253dbf77c"},"type":"OpenApiConnection","inputs":{"host":{"apiId":"/providers/Microsoft.PowerApps/apis/shared_commondataserviceforapps","connectionName":"shared_commondataserviceforapps","operationId":"CreateRecord"},"parameters":{"entityName":"crafd_auditoriafinals","item/crafd_nombredelaauditoria":"@outputs('Cuando_se_agrega,_modifica_o_elimina_una_fila')?['body/crafd_nombredelaauditoria']","item/crafd_responsable":"@outputs('Cuando_se_agrega,_modifica_o_elimina_una_fila')?['body/crafd_responsable']","item/crafd_tipodeauditoria":"@outputs('Cuando_se_agrega,_modifica_o_elimina_una_fila')?['body/crafd_tipodeauditoria']","item/crafd_auditoriafinalid":"@outputs('Cuando_se_agrega,_modifica_o_elimina_una_fila')?['body/crafd_auditoriafinalid']","item/utcconversiontimezonecode":"@outputs('Cuando_se_agrega,_modifica_o_elimina_una_fila')?['body/utcconversiontimezonecode']","item/crafd_Encargado@odata.bind":"@outputs('Cuando_se_agrega,_modifica_o_elimina_una_fila')?['body/_crafd_encargado_type']","item/crafd_estadodelaauditoria":"@outputs('Cuando_se_agrega,_modifica_o_elimina_una_fila')?['body/statecode']","item/overriddencreatedon":"@outputs('Cuando_se_agrega,_modifica_o_elimina_una_fila')?['body/overriddencreatedon']","item/crafd_fechaderealizacion":"@outputs('Cuando_se_agrega,_modifica_o_elimina_una_fila')?['body/crafd_fechaderealizacion']","item/crafd_observaciones":"@outputs('Cuando_se_agrega,_modifica_o_elimina_una_fila')?['body/crafd_observaciones']","item/crafd_resultado":"@outputs('Cuando_se_agrega,_modifica_o_elimina_una_fila')?['body/crafd_resultado']","item/crafd_satisfaccion":"@outputs('Cuando_se_agrega,_modifica_o_elimina_una_fila')?['body/crafd_satisfaccion']"},"authentication":"@parameters('$authentication')"}},"Aplicar_a_cada_uno":{"foreach":"@{triggerBody()}@{outputs('Agregar_una_fila_nueva')?['body/@odata.id']}@{outputs('Agregar_una_fila_nueva')?['body/crafd_nombredelaauditoria']}@{outputs('Agregar_una_fila_nueva')?['body/crafd_responsable']}@{outputs('Agregar_una_fila_nueva')?['body/_owningbusinessunit_value@Microsoft.Dynamics.CRM.lookuplogicalname']}@{outputs('Agregar_una_fila_nueva')?['body/_owningbusinessunit_value']}@{outputs('Agregar_una_fila_nueva')?['body/crafd_auditoriafinalid']}@{outputs('Agregar_una_fila_nueva')?['body/_createdonbehalfby_value@Microsoft.Dynamics.CRM.lookuplogicalname']}@{outputs('Agregar_una_fila_nueva')?['body/_createdonbehalfby_value']}@{outputs('Agregar_una_fila_nueva')?['body/createdon']}@{outputs('Agregar_una_fila_nueva')?['body/_crafd_encargado_value@Microsoft.Dynamics.CRM.lookuplogicalname']}@{outputs('Agregar_una_fila_nueva')?['body/_createdby_value']}@{outputs('Agregar_una_fila_nueva')?['body/_createdby_value@Microsoft.Dynamics.CRM.lookuplogicalname']}@{outputs('Agregar_una_fila_nueva')?['body/_owningteam_value@Microsoft.Dynamics.CRM.lookuplogicalname']}@{outputs('Agregar_una_fila_nueva')?['body/overriddencreatedon']}@{outputs('Agregar_una_fila_nueva')?['body/crafd_fechaderealizacion']}@{outputs('Agregar_una_fila_nueva')?['body/_modifiedonbehalfby_value@Microsoft.Dynamics.CRM.lookuplogicalname']}@{outputs('Agregar_una_fila_nueva')?['body/modifiedon']}@{outputs('Agregar_una_fila_nueva')?['body/_modifiedonbehalfby_value']}@{outputs('Agregar_una_fila_nueva')?['body/_modifiedby_value@Microsoft.Dynamics.CRM.lookuplogicalname']}@{outputs('Agregar_una_fila_nueva')?['body/crafd_observaciones']}@{outputs('Agregar_una_fila_nueva')?['body/_modifiedby_value']}@{outputs('Agregar_una_fila_nueva')?['body/_ownerid_value']}@{outputs('Agregar_una_fila_nueva')?['body/_owninguser_value@Microsoft.Dynamics.CRM.lookuplogicalname']}@{outputs('Agregar_una_fila_nueva')?['body/_owninguser_value']}@{outputs('Agregar_una_fila_nueva')?['body/statecode']}@{outputs('Agregar_una_fila_nueva')?['body/utcconversiontimezonecode']}@{outputs('Agregar_una_fila_nueva')?['body/crafd_tipodeauditoria']}@{outputs('Agregar_una_fila_nueva')?['body/crafd_estadodelaauditoria']}@{outputs('Agregar_una_fila_nueva')?['body/crafd_multiple']}@{outputs('Agregar_una_fila_nueva')?['body/importsequencenumber']}@{outputs('Agregar_una_fila_nueva')?['body/versionnumber']}@{outputs('Agregar_una_fila_nueva')?['body/timezoneruleversionnumber']}@{outputs('Agregar_una_fila_nueva')?['body/statuscode']}@{outputs('Agregar_una_fila_nueva')?['body/crafd_resultado']}@{body('Agregar_una_fila_nueva')}@{outputs('Agregar_una_fila_nueva')?['body/crafd_satisfaccion']}","actions":{"Agregar_una_fila_nueva_2":{"runAfter":{},"metadata":{"operationMetadataId":"537beb88-0087-4dc4-a3a9-9ee8502c96c0"},"type":"OpenApiConnection","inputs":{"host":{"apiId":"/providers/Microsoft.PowerApps/apis/shared_commondataserviceforapps","connectionName":"shared_commondataserviceforapps","operationId":"CreateRecord"},"parameters":{"entityName":"crafd_auditoriafinals","item/crafd_nombredelaauditoria":"@items('Aplicar_a_cada_uno')","item/crafd_responsable":"@items('Aplicar_a_cada_uno')","item/crafd_tipodeauditoria":"@items('Aplicar_a_cada_uno')","item/crafd_auditoriafinalid":"@items('Aplicar_a_cada_uno')","item/crafd_Encargado@odata.bind":"@items('Aplicar_a_cada_uno')","item/crafd_estadodelaauditoria":"@items('Aplicar_a_cada_uno')","item/crafd_fechaderealizacion":"@items('Aplicar_a_cada_uno')","item/crafd_multiple":"@items('Aplicar_a_cada_uno')","item/crafd_observaciones":"@items('Aplicar_a_cada_uno')","item/ownerid@odata.bind":"@items('Aplicar_a_cada_uno')","item/statuscode":"@items('Aplicar_a_cada_uno')","item/crafd_resultado":"@items('Aplicar_a_cada_uno')"},"authentication":"@parameters('$authentication')"}}},"runAfter":{"Agregar_una_fila_nueva":["Succeeded"]},"metadata":{"operationMetadataId":"2b46fe3e-d257-48e5-8f21-842e121f8978"},"type":"Foreach"}}},"connectionReferences":{"shared_commondataserviceforapps":{"connectionName":"shared-commondataser-5c9de650-4fd3-4439-bb73-c7ff9fc3fb57","source":"Embedded","id":"/providers/Microsoft.PowerApps/apis/shared_commondataserviceforapps","tier":"NotSpecified","apiName":"commondataserviceforapps"}},"flowFailureAlertSubscribed":false,"isManaged":false}}